Time_s,DTB_Avg_C,DTB1_C,DTB2_C,TC0_C,TC1_C
5.5,30.00,30.10,29.90,2286.40,33.81
13.9,30.00,30.10,29.90,2286.40,33.74
22.8,30.00,30.10,29.90,2286.40,33.69
29.8,30.00,30.10,29.90,2286.39,33.62
38.7,30.00,30.10,29.90,2286.40,33.57
45.7,30.00,30.10,29.90,2286.40,33.59
54.6,30.00,30.10,29.90,2286.39,33.57
61.6,30.00,30.10,29.90,2286.41,33.51
70.5,30.00,30.10,29.90,2286.39,33.48
77.5,29.95,30.00,29.90,2286.40,33.43
86.4,29.90,29.90,29.90,2286.38,33.50
93.4,29.85,29.80,29.90,2286.39,33.66
102.3,29.85,29.80,29.90,2286.39,33.68
109.3,29.85,29.80,29.90,2286.39,33.75
118.2,29.90,29.80,30.00,2286.40,33.74
125.2,29.90,29.80,30.00,2286.39,33.73
134.1,29.95,29.90,30.00,2286.41,33.73
141.1,30.00,30.00,30.00,2286.38,33.68
150.0,30.00,30.00,30.00,2286.37,33.61
157.0,30.00,30.00,30.00,2286.38,33.58
166.0,30.00,30.00,30.00,2286.38,33.55
172.9,30.00,30.00,30.00,2286.38,33.59
181.8,30.00,30.00,30.00,2286.38,33.59
188.8,30.00,30.00,30.00,2286.38,33.57
197.7,30.00,30.00,30.00,2286.38,33.53
206.7,30.00,30.00,30.00,2286.38,33.50
215.6,30.00,30.00,30.00,2286.37,33.45
222.6,30.00,30.00,30.00,2286.39,33.47
231.5,30.00,30.00,30.00,2286.37,33.49
238.5,30.00,30.00,30.00,2286.39,33.46
247.4,30.00,30.00,30.00,2286.37,33.44
256.4,30.00,30.00,30.00,2286.37,33.43
265.3,30.00,30.00,30.00,2286.38,33.42
272.3,29.95,29.90,30.00,2286.37,33.45
281.2,29.95,29.90,30.00,2286.37,33.49
288.2,29.90,29.80,30.00,2286.37,33.55
298.1,29.90,29.80,30.00,2286.38,33.65
307.1,29.90,29.80,30.00,2286.37,33.70
314.0,29.85,29.80,29.90,2286.38,33.75
323.0,29.85,29.80,29.90,2286.37,33.81
329.9,29.90,29.90,29.90,2286.37,33.82
338.9,29.90,29.90,29.90,2286.38,33.79
345.8,29.95,30.00,29.90,2286.38,33.75
354.8,30.00,30.00,30.00,2286.38,33.74
361.7,30.05,30.10,30.00,2286.38,33.74
370.7,30.05,30.10,30.00,2286.38,33.73
377.6,30.05,30.10,30.00,2286.37,33.72
386.6,30.05,30.10,30.00,2286.37,33.72
393.5,30.05,30.10,30.00,2286.38,33.69
402.5,30.05,30.10,30.00,2286.37,33.65
411.4,30.05,30.10,30.00,2286.37,33.66
421.3,30.00,30.10,29.90,2286.37,33.64
430.3,29.95,30.00,29.90,2286.38,33.69
437.2,29.95,30.00,29.90,2286.38,33.64
446.2,30.00,30.10,29.90,2286.37,33.61
453.1,30.00,30.10,29.90,2286.37,33.58
462.1,30.00,30.10,29.90,2286.37,33.65
469.0,30.00,30.10,29.90,2286.34,33.59
478.0,30.00,30.10,29.90,2286.35,33.55
484.9,30.00,30.10,29.90,2286.37,33.48
493.9,30.00,30.10,29.90,2286.34,33.41
500.8,30.00,30.10,29.90,2286.34,33.49
509.8,29.95,30.00,29.90,2286.34,33.50
516.7,29.90,29.90,29.90,2286.35,33.63
525.7,29.90,29.90,29.90,2286.34,33.68
532.7,29.90,29.90,29.90,2286.33,33.67
541.6,29.95,30.00,29.90,2286.31,33.64
548.6,30.00,30.00,30.00,2286.33,33.59
557.5,30.00,30.00,30.00,2286.33,33.62
564.4,30.00,30.00,30.00,2286.33,33.68
573.4,30.00,30.00,30.00,2286.31,33.65
582.3,30.00,30.00,30.00,2286.32,33.63
591.3,30.00,30.00,30.00,2286.32,33.60
598.2,30.05,30.10,30.00,2286.32,33.51
607.2,30.10,30.20,30.00,2286.33,33.46
614.1,30.10,30.20,30.00,2286.32,33.39
623.1,30.00,30.00,30.00,2286.32,33.36
630.0,30.00,30.00,30.00,2286.33,33.44
639.0,30.00,30.00,30.00,2286.30,33.42
645.9,29.90,29.90,29.90,2286.31,33.45
654.9,29.85,29.80,29.90,2286.32,33.56
661.9,29.80,29.70,29.90,2286.31,33.67
670.8,29.80,29.70,29.90,2286.31,33.77
677.7,29.80,29.70,29.90,2286.32,33.76
687.7,29.90,29.90,29.90,2286.30,33.74
696.7,29.90,29.90,29.90,2286.31,33.70
703.6,29.90,29.90,29.90,2286.30,33.68
712.6,29.90,29.90,29.90,2286.31,33.69
719.5,29.95,30.00,29.90,2286.30,33.69
728.5,29.95,30.00,29.90,2286.30,33.66
735.4,30.00,30.00,30.00,2286.30,33.73
744.4,30.00,30.00,30.00,2286.31,33.71
751.3,30.00,30.00,30.00,2286.30,33.69
760.3,30.00,30.00,30.00,2286.30,33.68
769.2,30.00,30.00,30.00,2286.30,33.62
779.1,30.00,30.00,30.00,2286.31,33.59
788.1,30.00,30.00,30.00,2286.30,33.55
795.0,30.00,30.00,30.00,2286.29,33.52
805.0,30.00,30.00,30.00,2286.32,33.56
813.9,30.00,30.00,30.00,2286.30,33.56
820.9,30.00,30.00,30.00,2286.30,33.55
829.8,30.00,30.00,30.00,2286.30,33.54
836.8,30.00,30.00,30.00,2286.31,33.53
845.6,30.00,30.00,30.00,2286.30,33.53
852.7,29.95,29.90,30.00,2286.30,33.59
861.6,29.95,29.90,30.00,2286.30,33.62
868.6,29.85,29.80,29.90,2286.32,33.73
877.5,29.85,29.80,29.90,2286.30,33.78
884.5,29.85,29.80,29.90,2286.30,33.84
893.4,29.85,29.80,29.90,2286.30,33.83
900.4,29.95,29.90,30.00,2286.30,33.84
909.3,30.00,30.00,30.00,2286.31,33.84
916.3,30.00,30.00,30.00,2286.31,33.79
925.2,30.00,30.00,30.00,2286.30,33.78
932.2,30.05,30.10,30.00,2286.31,33.75
941.1,30.05,30.10,30.00,2286.30,33.71
948.1,30.05,30.10,30.00,2286.30,33.72
957.0,30.05,30.10,30.00,2286.30,33.69
964.0,30.05,30.10,30.00,2286.31,33.66
972.9,30.00,30.10,29.90,2286.30,33.67
979.9,30.00,30.10,29.90,2286.32,33.65
988.8,29.95,30.00,29.90,2286.31,33.69
995.8,29.95,30.00,29.90,2286.31,33.71
1004.7,29.90,29.90,29.90,2286.32,33.71
1011.7,29.90,29.90,29.90,2286.30,33.81
1020.6,29.90,29.90,29.90,2286.32,33.84
1027.6,30.00,30.00,30.00,2286.31,33.81
1036.5,30.05,30.10,30.00,2286.30,33.75
1043.5,30.05,30.10,30.00,2286.30,33.70
1052.4,30.05,30.10,30.00,2286.30,33.72
1059.4,30.05,30.10,30.00,2286.31,33.67
1068.3,30.05,30.10,30.00,2286.30,33.67
1075.2,29.95,30.00,29.90,2286.31,33.77
1084.2,29.95,30.00,29.90,2286.29,33.77
1091.2,29.90,29.90,29.90,2286.30,33.77
1100.1,29.95,30.00,29.90,2286.30,33.75
1107.1,30.05,30.10,30.00,2286.30,33.69
1117.0,30.05,30.10,30.00,2286.31,33.66
1127.0,30.05,30.10,30.00,2286.31,33.62
1135.9,30.05,30.10,30.00,2286.30,33.59
1142.8,30.05,30.10,30.00,2286.28,33.54
1151.8,30.00,30.00,30.00,2286.29,33.55
1158.7,29.95,29.90,30.00,2286.29,33.56
1167.7,29.95,29.90,30.00,2286.29,33.59
1174.6,29.90,29.90,29.90,2286.29,33.67
1183.6,29.85,29.80,29.90,2286.29,33.74
1190.5,29.85,29.80,29.90,2286.29,33.76
1199.5,29.85,29.80,29.90,2286.28,33.77
1206.4,29.90,29.90,29.90,2286.28,33.77
1215.4,29.95,30.00,29.90,2286.29,33.75
1222.3,29.95,30.00,29.90,2286.29,33.68
1231.3,29.95,30.00,29.90,2286.29,33.73
1238.2,29.90,29.90,29.90,2286.29,33.74
1247.2,29.85,29.80,29.90,2286.29,33.88
1254.1,29.85,29.80,29.90,2286.28,33.97
1263.1,29.90,29.80,30.00,2286.28,33.96
1270.0,30.00,30.00,30.00,2286.28,33.90
1279.0,30.00,30.00,30.00,2286.28,33.88
1285.9,30.00,30.00,30.00,2286.28,33.87
1294.9,30.00,30.00,30.00,2286.30,33.85
1301.8,30.05,30.10,30.00,2286.28,33.80
1310.8,30.05,30.10,30.00,2286.29,33.75
1317.7,30.05,30.10,30.00,2286.29,33.68
1326.7,30.05,30.10,30.00,2286.27,33.60
1335.6,30.05,30.10,30.00,2286.27,33.54
1344.6,30.05,30.10,30.00,2286.27,33.54
1351.5,30.00,30.00,30.00,2286.28,33.58
1360.5,30.00,30.00,30.00,2286.28,33.59
1367.4,29.95,29.90,30.00,2286.27,33.59
1376.4,29.95,29.90,30.00,2286.27,33.63
1383.3,29.95,29.90,30.00,2286.27,33.65
1392.3,29.95,29.90,30.00,2286.28,33.64
1399.2,29.95,29.90,30.00,2286.28,33.62
1408.2,29.95,29.90,30.00,2286.27,33.62
1415.1,29.95,29.90,30.00,2286.27,33.71
1425.1,29.95,29.90,30.00,2286.27,33.75
1434.0,29.95,29.90,30.00,2286.27,33.77
1441.0,29.95,29.90,30.00,2286.29,33.78
1449.9,29.95,29.90,30.00,2286.25,33.83
1456.9,29.95,29.90,30.00,2286.27,33.87
1465.8,30.00,30.00,30.00,2286.28,33.87
1472.8,30.00,30.00,30.00,2286.28,33.82
1482.7,30.00,30.00,30.00,2286.27,33.77
1492.6,29.95,30.00,29.90,2286.28,33.77
1501.6,29.95,30.00,29.90,2286.28,33.75
1508.6,29.90,29.90,29.90,2286.29,33.85
1518.5,29.90,29.90,29.90,2286.28,33.93
1527.4,29.90,29.90,29.90,2286.28,33.94
1534.4,29.90,29.90,29.90,2286.27,33.99
1543.3,29.90,29.90,29.90,2286.28,33.99
1550.3,29.95,30.00,29.90,2286.29,33.95
1559.2,30.00,30.10,29.90,2286.29,33.93
1568.2,30.00,30.10,29.90,2286.28,33.89
1577.2,30.00,30.10,29.90,2286.29,33.84
1584.1,30.00,30.10,29.90,2286.27,33.78
1593.1,30.00,30.10,29.90,2286.27,33.74
1600.0,30.00,30.10,29.90,2286.28,33.71
1609.0,30.00,30.10,29.90,2286.28,33.72
1615.9,30.00,30.10,29.90,2286.26,33.70
1624.9,30.05,30.10,30.00,2286.28,33.66
1631.8,30.00,30.00,30.00,2286.29,33.68
1640.8,30.00,30.00,30.00,2286.27,33.69
1647.7,30.00,30.00,30.00,2286.29,33.65
1656.6,30.00,30.00,30.00,2286.28,33.65
1665.6,29.95,29.90,30.00,2286.29,33.70
1674.5,29.95,29.90,30.00,2286.28,33.74
1681.5,29.95,29.90,30.00,2286.29,33.74
1690.5,29.95,29.90,30.00,2286.29,33.79
1697.4,29.90,29.80,30.00,2286.28,33.90
1706.4,29.90,29.80,30.00,2286.28,33.96
1713.3,29.90,29.80,30.00,2286.28,33.95
1722.3,30.00,30.00,30.00,2286.28,33.93
1731.2,30.00,30.10,29.90,2286.28,33.86
1740.1,30.00,30.10,29.90,2286.29,33.81
1747.1,30.00,30.10,29.90,2286.29,33.78
1756.0,30.00,30.10,29.90,2286.28,33.82
1763.0,30.00,30.10,29.90,2286.29,33.78
1771.9,30.00,30.10,29.90,2286.29,33.76
1778.9,30.00,30.10,29.90,2286.29,33.76
1787.8,29.90,29.90,29.90,2286.30,33.85
1794.8,29.90,29.90,29.90,2286.30,33.87
1803.8,29.90,29.90,29.90,2286.27,33.84
1810.7,30.00,30.00,30.00,2286.29,33.80
1819.7,30.00,30.00,30.00,2286.30,33.76
1826.6,30.05,30.10,30.00,2286.29,33.72
1835.5,30.00,30.00,30.00,2286.29,33.75
1842.5,30.00,30.00,30.00,2286.29,33.74
1851.4,30.00,30.00,30.00,2286.30,33.74
1858.4,30.00,30.00,30.00,2286.31,33.76
1867.3,30.00,30.00,30.00,2286.30,33.75
1874.3,30.00,30.00,30.00,2286.30,33.73
1883.3,30.00,30.00,30.00,2286.32,33.72
1890.2,30.00,30.00,30.00,2286.32,33.68
1899.1,30.00,30.00,30.00,2286.32,33.64
1906.1,30.00,30.00,30.00,2286.30,33.65
1915.0,30.00,30.00,30.00,2286.31,33.66
1922.0,30.00,30.00,30.00,2286.30,33.64
1930.9,30.00,30.00,30.00,2286.30,33.61
1937.9,29.95,29.90,30.00,2286.30,33.72
1947.8,29.95,29.90,30.00,2286.30,33.83
1956.8,29.95,29.90,30.00,2286.30,33.84
1963.7,29.95,29.90,30.00,2286.31,33.87
1972.7,29.95,29.90,30.00,2286.31,33.86
1979.6,29.95,29.90,30.00,2286.30,33.89
1988.6,29.95,29.90,30.00,2286.30,33.91
1995.5,29.95,29.90,30.00,2286.30,33.95
2004.5,29.85,29.80,29.90,2286.30,34.11
2011.4,29.85,29.80,29.90,2286.30,34.21
2020.4,29.90,29.90,29.90,2286.32,34.18
2027.3,29.95,30.00,29.90,2286.31,34.14
2036.3,30.00,30.10,29.90,2286.32,34.13
2043.2,30.00,30.10,29.90,2286.30,34.06
2052.2,30.00,30.10,29.90,2286.31,34.02
2061.1,30.00,30.10,29.90,2286.31,33.96
2070.1,30.00,30.10,29.90,2286.29,33.91
2077.0,30.00,30.10,29.90,2286.30,33.84
2086.0,30.05,30.10,30.00,2286.32,33.85
2094.9,30.05,30.10,30.00,2286.30,33.80
2103.9,30.05,30.10,30.00,2286.31,33.78
2110.8,30.05,30.10,30.00,2286.31,33.71
2119.7,30.05,30.10,30.00,2286.32,33.67
2126.7,30.05,30.10,30.00,2286.30,33.61
2135.7,30.00,30.10,29.90,2286.33,33.54
2142.6,29.95,30.00,29.90,2286.30,33.48
2151.5,29.95,30.00,29.90,2286.31,33.50
2160.5,29.90,29.90,29.90,2286.32,33.51
2169.4,29.80,29.70,29.90,2286.31,33.72
2178.4,29.80,29.70,29.90,2286.31,33.80
2187.3,29.75,29.70,29.80,2286.31,33.89
2196.3,29.75,29.70,29.80,2286.31,33.90
2205.2,29.75,29.70,29.80,2286.31,33.89
2212.2,29.85,29.80,29.90,2286.31,33.90
2221.1,29.85,29.80,29.90,2286.30,33.92
2228.1,29.90,29.80,30.00,2286.31,33.96
2237.0,29.95,29.90,30.00,2286.30,33.97
2244.0,29.95,29.90,30.00,2286.30,33.95
2252.9,29.95,29.90,30.00,2286.31,34.02
2261.9,29.95,29.90,30.00,2286.30,33.98
2270.8,29.95,29.90,30.00,2286.31,34.00
2277.8,29.95,29.90,30.00,2286.31,34.12
2286.7,29.95,29.90,30.00,2286.32,34.19
2293.7,29.95,29.90,30.00,2286.31,34.25
2302.6,30.00,30.00,30.00,2286.33,34.21
2309.6,30.05,30.10,30.00,2286.33,34.15
2318.5,30.15,30.30,30.00,2286.32,34.09
2325.5,30.20,30.40,30.00,2286.33,34.01
2334.4,30.20,30.40,30.00,2286.32,33.95
2341.4,30.20,30.40,30.00,2286.33,33.86
2350.3,30.15,30.30,30.00,2286.34,33.88
2357.3,30.15,30.30,30.00,2286.32,33.88
2366.2,30.05,30.20,29.90,2286.33,33.86
2375.1,30.00,30.10,29.90,2286.33,33.93
2384.1,30.00,30.10,29.90,2286.33,33.99
2393.0,30.00,30.10,29.90,2286.33,33.97
2402.0,30.00,30.10,29.90,2286.31,33.95
2408.9,30.00,30.10,29.90,2286.34,33.90
2418.9,30.00,30.10,29.90,2286.34,33.85
2427.8,30.05,30.10,30.00,2286.34,33.85
2434.8,30.05,30.10,30.00,2286.33,33.84
2443.7,30.05,30.10,30.00,2286.33,33.81
2450.7,30.05,30.10,30.00,2286.33,33.76
2459.6,30.00,30.00,30.00,2286.32,33.84
2466.6,30.00,30.00,30.00,2286.34,33.82
2475.5,30.00,30.00,30.00,2286.32,33.86
2482.5,29.95,29.90,30.00,2286.32,33.91
2491.4,29.95,29.90,30.00,2286.33,33.95
2498.4,29.95,29.90,30.00,2286.32,33.95
2507.3,29.95,29.90,30.00,2286.33,33.95
2514.3,29.95,29.90,30.00,2286.33,33.96
2524.2,30.00,30.00,30.00,2286.35,33.91
2533.2,30.00,30.00,30.00,2286.33,33.87
2540.1,30.00,30.00,30.00,2286.36,33.82
2550.1,30.00,30.00,30.00,2286.34,33.77
2559.0,30.00,30.00,30.00,2286.33,33.72
2567.9,30.05,30.10,30.00,2286.34,33.66
2577.9,30.05,30.10,30.00,2286.35,33.59
2586.8,30.05,30.10,30.00,2286.34,33.57
2593.8,30.05,30.10,30.00,2286.34,33.56
2602.7,30.05,30.10,30.00,2286.35,33.52
2609.7,30.00,30.00,30.00,2286.34,33.54
2619.6,29.95,29.90,30.00,2286.35,33.65
2628.6,29.90,29.80,30.00,2286.33,33.74
2635.5,29.85,29.70,30.00,2286.34,33.91
2644.5,29.85,29.70,30.00,2286.34,34.03
2651.4,29.95,29.90,30.00,2286.33,33.97
2661.4,29.95,29.90,30.00,2286.33,33.91
2670.3,29.90,29.90,29.90,2286.34,33.90
2677.3,29.90,29.90,29.90,2286.34,34.00
2686.2,29.90,29.90,29.90,2286.35,34.09
2693.2,29.90,29.90,29.90,2286.34,34.13
2703.0,29.90,29.90,29.90,2286.34,34.15
2710.0,29.90,29.90,29.90,2286.32,34.17
2719.0,29.95,30.00,29.90,2286.35,34.08
2728.9,30.00,30.10,29.90,2286.34,34.03
2737.9,30.05,30.20,29.90,2286.35,33.97
2744.8,30.05,30.20,29.90,2286.34,33.90
2753.8,30.10,30.20,30.00,2286.33,33.83
2760.7,30.10,30.20,30.00,2286.33,33.78
2769.7,30.10,30.20,30.00,2286.35,33.78
2776.6,30.05,30.10,30.00,2286.34,33.83
2785.6,30.05,30.10,30.00,2286.33,33.85
2794.5,30.05,30.10,30.00,2286.34,33.85
2804.5,30.00,30.00,30.00,2286.33,33.84
2813.4,30.00,30.00,30.00,2286.34,33.87
2820.4,30.00,30.00,30.00,2286.35,33.89
2829.3,30.00,30.00,30.00,2286.34,33.84
2836.3,30.00,30.00,30.00,2286.34,33.92
2846.2,30.00,30.00,30.00,2286.34,33.97
2855.2,30.00,30.00,30.00,2286.34,33.96
2862.1,30.00,30.00,30.00,2286.33,33.94
2871.1,30.00,30.00,30.00,2286.32,33.94
2878.0,30.00,30.00,30.00,2286.33,33.89
2886.9,30.00,30.00,30.00,2286.35,33.91
2895.9,30.00,30.00,30.00,2286.32,33.86
2904.9,30.00,30.00,30.00,2286.34,33.83
2911.8,30.05,30.10,30.00,2286.34,33.80
2920.8,30.05,30.10,30.00,2286.33,33.74
2927.7,30.05,30.10,30.00,2286.33,33.66
2936.7,30.05,30.10,30.00,2286.33,33.60
2943.6,30.05,30.10,30.00,2286.34,33.53
2952.5,30.05,30.10,30.00,2286.35,33.54
2959.5,30.00,30.00,30.00,2286.34,33.51
2968.4,29.90,29.90,29.90,2286.32,33.57
2975.4,29.85,29.80,29.90,2286.33,33.63
2984.3,29.85,29.80,29.90,2286.33,33.70
2993.3,29.85,29.80,29.90,2286.34,33.78
3003.2,29.85,29.80,29.90,2286.33,33.82
3012.2,29.85,29.80,29.90,2286.33,33.82
3019.1,29.85,29.80,29.90,2286.34,33.85
3029.1,29.85,29.80,29.90,2286.33,33.88
3038.0,29.90,29.90,29.90,2286.34,33.85
3045.0,29.95,30.00,29.90,2286.32,33.82
3053.9,30.00,30.00,30.00,2286.32,33.78
3062.9,30.00,30.00,30.00,2286.32,33.75
3071.8,30.00,30.00,30.00,2286.32,33.74
3078.8,29.95,29.90,30.00,2286.31,33.86
3087.7,29.95,29.90,30.00,2286.31,33.98
3094.7,29.95,29.90,30.00,2286.31,34.02
3103.6,29.85,29.80,29.90,2286.32,34.10
3110.5,29.85,29.80,29.90,2286.30,34.22
3119.5,29.90,29.90,29.90,2286.30,34.19
3126.4,30.00,30.10,29.90,2286.31,34.11
3135.4,30.05,30.10,30.00,2286.32,34.04
3142.3,30.05,30.10,30.00,2286.29,34.00
3151.3,30.10,30.20,30.00,2286.29,33.95
3158.2,30.15,30.30,30.00,2286.30,33.88
3167.2,30.10,30.20,30.00,2286.30,33.85
3174.1,30.10,30.20,30.00,2286.28,33.86
3183.1,30.10,30.20,30.00,2286.31,33.81
3190.0,30.10,30.20,30.00,2286.30,33.73
3199.0,30.10,30.20,30.00,2286.31,33.68
3205.9,30.05,30.10,30.00,2286.30,33.66
3214.9,30.00,30.00,30.00,2286.31,33.64
3221.8,30.00,30.00,30.00,2286.31,33.67
3230.8,30.00,30.00,30.00,2286.30,33.66
3237.8,29.95,29.90,30.00,2286.30,33.80
3246.7,29.95,29.90,30.00,2286.29,33.85
3253.6,29.90,29.80,30.00,2286.29,33.91
3262.6,29.85,29.80,29.90,2286.30,34.03
3269.5,29.85,29.80,29.90,2286.30,34.03
3278.5,29.90,29.90,29.90,2286.29,33.99
3285.4,29.95,30.00,29.90,2286.30,33.93
3294.4,29.95,30.00,29.90,2286.30,33.96
3301.3,29.95,30.00,29.90,2286.30,33.94
3310.3,29.95,30.00,29.90,2286.30,33.94
3317.2,29.90,29.90,29.90,2286.29,33.93
3326.2,29.90,29.90,29.90,2286.28,33.94
3333.1,29.90,29.90,29.90,2286.29,33.92
3342.1,29.90,29.90,29.90,2286.29,33.92
3349.1,29.95,30.00,29.90,2286.29,33.86
3358.0,29.95,30.00,29.90,2286.29,33.92
3365.0,29.85,29.80,29.90,2286.29,34.09
3373.9,29.85,29.80,29.90,2286.31,34.18
3380.8,29.95,30.00,29.90,2286.29,34.12
3389.8,29.95,30.00,29.90,2286.30,34.06
3396.8,29.95,30.00,29.90,2286.31,34.02
3405.7,29.95,30.00,29.90,2286.31,34.00
3412.7,29.95,30.00,29.90,2286.30,33.96
3421.6,29.95,30.00,29.90,2286.31,33.94
3428.5,30.05,30.10,30.00,2286.31,33.87
3437.5,30.05,30.10,30.00,2286.30,33.80
3444.5,30.05,30.10,30.00,2286.29,33.77
3453.4,30.00,30.00,30.00,2286.30,33.90
3460.4,30.00,30.00,30.00,2286.30,33.98
3469.3,30.00,30.00,30.00,2286.29,33.97
3476.3,30.00,30.00,30.00,2286.32,33.96
3485.2,29.95,29.90,30.00,2286.31,34.00
3492.2,29.95,29.90,30.00,2286.30,34.01
3501.1,30.00,30.00,30.00,2286.31,33.98
3508.1,30.00,30.00,30.00,2286.30,33.92
3517.0,30.00,30.00,30.00,2286.30,33.87
3523.9,30.00,30.00,30.00,2286.30,33.84
3532.9,30.00,30.00,30.00,2286.31,33.87
3539.8,30.00,30.00,30.00,2286.30,33.88
3548.8,30.00,30.00,30.00,2286.30,33.87
3555.8,30.00,30.00,30.00,2286.31,33.86
3564.7,29.95,29.90,30.00,2286.29,33.88
3571.6,29.95,29.90,30.00,2286.31,33.86
3581.6,29.95,29.90,30.00,2286.30,33.83
3590.6,29.95,29.90,30.00,2286.31,33.86
3597.5,29.95,29.90,30.00,2286.31,33.91
3606.5,29.90,29.90,29.90,2286.31,33.92
3613.4,29.90,29.90,29.90,2286.30,33.93
3622.3,29.85,29.90,29.80,2286.31,33.94
3629.3,29.85,29.90,29.80,2286.31,33.94
3638.2,29.85,29.90,29.80,2286.31,33.93
3645.2,29.85,29.90,29.80,2286.31,33.93
3654.1,29.90,29.90,29.90,2286.31,33.99
3661.1,29.90,29.90,29.90,2286.32,34.02
3671.0,29.90,29.90,29.90,2286.31,34.11
3680.0,29.90,29.90,29.90,2286.30,34.13
3686.9,29.90,29.90,29.90,2286.31,34.09
3695.9,29.95,30.00,29.90,2286.31,34.09
3702.8,30.00,30.10,29.90,2286.31,34.04
3711.8,30.05,30.20,29.90,2286.30,33.98
3718.7,30.10,30.30,29.90,2286.32,33.90
3727.7,30.15,30.30,30.00,2286.30,33.83
3734.6,30.15,30.30,30.00,2286.30,33.80
3743.6,30.15,30.30,30.00,2286.31,33.81
3750.5,30.05,30.10,30.00,2286.32,33.89
3759.5,29.95,29.90,30.00,2286.31,34.03
3766.4,29.95,29.90,30.00,2286.31,34.18
3775.4,29.95,29.90,30.00,2286.33,34.23
3782.3,29.95,29.90,30.00,2286.30,34.22
3791.3,29.95,29.90,30.00,2286.28,34.22
3798.2,30.00,30.00,30.00,2286.30,34.15
3807.2,30.05,30.10,30.00,2286.30,34.13
3814.1,30.05,30.10,30.00,2286.30,34.05
3823.1,30.05,30.10,30.00,2286.30,34.01
3830.0,30.10,30.20,30.00,2286.31,33.95
3839.0,30.10,30.20,30.00,2286.31,33.91
3845.9,30.05,30.10,30.00,2286.30,33.88
3854.9,30.05,30.10,30.00,2286.30,33.88
3861.8,30.05,30.10,30.00,2286.30,33.95
3870.8,30.05,30.10,30.00,2286.30,33.93
3877.7,30.05,30.10,30.00,2286.30,33.87
3886.7,30.00,30.00,30.00,2286.30,33.92
3893.6,30.00,30.00,30.00,2286.30,33.89
3902.6,30.00,30.00,30.00,2286.29,33.84
3911.5,30.00,30.00,30.00,2286.30,33.90
3920.5,29.95,29.90,30.00,2286.29,33.99
3927.4,29.95,29.90,30.00,2286.29,34.02
3936.4,29.95,29.90,30.00,2286.29,34.02
3943.3,29.95,29.90,30.00,2286.30,33.97
3952.3,30.00,30.00,30.00,2286.28,33.96
3961.2,30.00,30.00,30.00,2286.29,33.94
3970.1,29.95,29.90,30.00,2286.30,33.96
3977.1,29.95,29.90,30.00,2286.30,33.96
3986.0,29.90,29.90,29.90,2286.31,33.94
3993.0,29.90,29.90,29.90,2286.29,33.91
4002.0,29.95,30.00,29.90,2286.28,33.87
4008.9,29.95,30.00,29.90,2286.27,33.85
4017.9,29.95,30.00,29.90,2286.28,33.87
4024.8,29.90,29.90,29.90,2286.29,33.94
4034.7,29.90,29.90,29.90,2286.28,33.92
4043.7,29.90,29.90,29.90,2286.29,33.88
4050.6,29.90,29.90,29.90,2286.30,33.86
4059.6,29.90,29.90,29.90,2286.30,33.89
4066.5,29.85,29.80,29.90,2286.27,33.98
4075.5,29.85,29.80,29.90,2286.30,34.01
4084.4,29.95,29.90,30.00,2286.28,34.01
4094.4,29.95,29.90,30.00,2286.29,34.02
4103.3,29.95,29.90,30.00,2286.29,34.12
4110.3,29.95,29.90,30.00,2286.29,34.11
4119.2,30.00,30.00,30.00,2286.29,34.05
4128.2,30.00,30.00,30.00,2286.29,34.02
4137.1,30.00,30.00,30.00,2286.29,33.98
4144.1,30.00,30.00,30.00,2286.30,33.97
4153.0,30.00,30.00,30.00,2286.30,33.99
4160.0,30.00,30.00,30.00,2286.29,33.94
4168.9,30.00,30.00,30.00,2286.29,33.96
4177.8,30.00,30.00,30.00,2286.28,33.96
4186.8,30.00,30.00,30.00,2286.28,33.89
4193.8,30.00,30.00,30.00,2286.27,33.84
4202.7,30.00,30.00,30.00,2286.28,33.80
4209.6,29.95,30.00,29.90,2286.27,33.73
4218.6,29.95,30.00,29.90,2286.28,33.70
4225.6,29.95,30.00,29.90,2286.28,33.65
4234.5,29.95,30.00,29.90,2286.29,33.59
4241.4,29.95,30.00,29.90,2286.28,33.52
4250.4,29.95,30.00,29.90,2286.28,33.55
4257.3,29.90,29.90,29.90,2286.29,33.54
4266.3,29.90,29.90,29.90,2286.31,33.50
4273.2,29.90,29.90,29.90,2286.29,33.55
4282.2,29.85,29.80,29.90,2286.29,33.59
4289.1,29.85,29.80,29.90,2286.29,33.67
4298.1,29.80,29.70,29.90,2286.27,33.73
4305.0,29.80,29.70,29.90,2286.28,33.87
4314.0,29.75,29.60,29.90,2286.30,34.01
4320.9,29.75,29.60,29.90,2286.29,34.12
4329.9,29.80,29.70,29.90,2286.29,34.11
4336.8,29.80,29.70,29.90,2286.29,34.18
4345.8,29.85,29.80,29.90,2286.29,34.22
4352.7,29.85,29.80,29.90,2286.29,34.23
4361.7,29.90,29.90,29.90,2286.30,34.25
4368.6,29.95,30.00,29.90,2286.29,34.24
4377.6,30.00,30.10,29.90,2286.29,34.22
4384.5,30.00,30.10,29.90,2286.29,34.18
4393.5,30.00,30.10,29.90,2286.29,34.15
4400.4,30.05,30.20,29.90,2286.30,34.10
4409.4,30.05,30.20,29.90,2286.29,34.02
4418.3,30.05,30.20,29.90,2286.28,33.95
4427.3,30.05,30.20,29.90,2286.28,33.92
4434.2,30.05,30.20,29.90,2286.29,33.90
4443.2,30.00,30.10,29.90,2286.29,33.88
4450.1,30.00,30.10,29.90,2286.29,33.90
4460.1,30.00,30.10,29.90,2286.28,33.90
4469.0,29.95,30.00,29.90,2286.28,33.93
4476.0,29.95,29.90,30.00,2286.29,34.05
4485.9,29.95,29.90,30.00,2286.28,34.07
4494.8,29.95,29.90,30.00,2286.28,34.08
4501.8,29.95,29.90,30.00,2286.30,34.03
4510.8,29.95,29.90,30.00,2286.27,34.07
4517.7,29.95,29.90,30.00,2286.27,34.07
4526.7,30.00,30.00,30.00,2286.27,34.04
4535.6,30.05,30.10,30.00,2286.28,34.01
4544.5,30.05,30.10,30.00,2286.26,33.96
4551.5,30.10,30.20,30.00,2286.27,33.88
4560.4,30.15,30.20,30.10,2286.28,33.81
4567.4,30.15,30.20,30.10,2286.26,33.82
4576.3,30.10,30.10,30.10,2286.26,33.87
4583.3,30.10,30.10,30.10,2286.27,33.96
4592.2,30.00,30.00,30.00,2286.27,34.00
4599.2,29.95,29.90,30.00,2286.28,34.12
4608.1,29.95,29.90,30.00,2286.27,34.13
4615.1,30.00,30.00,30.00,2286.27,34.13
4624.0,30.00,30.00,30.00,2286.28,34.08
4631.0,30.00,30.00,30.00,2286.27,34.03
4639.9,30.00,30.00,30.00,2286.26,34.00
4646.9,30.05,30.10,30.00,2286.27,33.91
4655.8,30.10,30.20,30.00,2286.28,33.86
4662.8,30.10,30.20,30.00,2286.28,33.82
4671.7,30.00,30.10,29.90,2286.27,33.79
4678.7,29.95,30.00,29.90,2286.29,33.86
4687.6,29.85,29.80,29.90,2286.27,34.04
4694.6,29.85,29.80,29.90,2286.27,34.06
4703.5,29.90,29.90,29.90,2286.27,34.08
4710.5,29.95,30.00,29.90,2286.27,34.04
4720.4,30.00,30.10,29.90,2286.27,33.95
4729.4,30.00,30.10,29.90,2286.26,33.89
4736.3,30.00,30.10,29.90,2286.27,33.81
4745.3,30.00,30.10,29.90,2286.27,33.82
4752.2,29.95,30.00,29.90,2286.25,33.81
4761.2,29.95,30.00,29.90,2286.27,33.88
4768.1,29.90,29.90,29.90,2286.26,33.97
4777.1,29.85,29.80,29.90,2286.26,34.06
4784.0,29.85,29.80,29.90,2286.26,34.19
4793.0,29.85,29.80,29.90,2286.25,34.24
4799.9,29.90,29.90,29.90,2286.26,34.18
4808.9,29.95,30.00,29.90,2286.27,34.12
4815.8,30.10,30.20,30.00,2286.26,34.04
4824.8,30.10,30.20,30.00,2286.26,33.97
4831.7,30.15,30.30,30.00,2286.27,33.88
4840.7,30.15,30.30,30.00,2286.26,33.83
4847.6,30.10,30.20,30.00,2286.27,33.83
4856.6,30.10,30.20,30.00,2286.26,33.79
4863.5,30.05,30.10,30.00,2286.26,33.75
4872.5,30.05,30.10,30.00,2286.25,33.77
4879.4,30.00,30.00,30.00,2286.27,33.78
4888.4,30.00,30.00,30.00,2286.25,33.82
4895.3,29.95,29.90,30.00,2286.26,33.88
4904.3,29.95,29.90,30.00,2286.25,33.96
4911.2,29.90,29.90,29.90,2286.26,34.00
4920.2,29.90,29.80,30.00,2286.27,34.14
4927.1,29.90,29.80,30.00,2286.26,34.26
4936.1,29.95,29.90,30.00,2286.26,34.25
4943.0,29.95,29.90,30.00,2286.24,34.22
4952.0,30.00,30.00,30.00,2286.25,34.21
4958.9,30.00,30.00,30.00,2286.26,34.15
4967.9,30.00,30.00,30.00,2286.24,34.11
4974.8,30.00,30.10,29.90,2286.24,34.07
4983.8,30.05,30.20,29.90,2286.24,34.02
4990.7,30.05,30.20,29.90,2286.24,33.92
4999.7,30.10,30.30,29.90,2286.24,33.86
5006.6,30.10,30.30,29.90,2286.24,33.85
5015.6,30.05,30.20,29.90,2286.24,33.87
5022.5,30.00,30.10,29.90,2286.24,33.83
5031.5,30.05,30.10,30.00,2286.24,33.87
5038.4,30.00,30.00,30.00,2286.23,33.86
5047.4,30.00,30.00,30.00,2286.24,33.92
5054.3,29.95,29.90,30.00,2286.24,33.99
5064.3,29.95,29.90,30.00,2286.23,34.09
5073.2,29.95,29.90,30.00,2286.23,34.08
5080.2,29.95,29.90,30.00,2286.23,34.06
5089.1,29.95,29.90,30.00,2286.25,34.05
5096.1,29.95,30.00,29.90,2286.24,34.00
5105.0,29.95,30.00,29.90,2286.24,33.97
5112.0,30.00,30.10,29.90,2286.24,33.92
5120.9,30.00,30.10,29.90,2286.24,33.85
5127.9,30.05,30.10,30.00,2286.24,33.83
5136.8,30.05,30.10,30.00,2286.25,33.86
5143.8,30.00,30.00,30.00,2286.25,33.87
5152.7,30.00,30.00,30.00,2286.24,33.91
5159.7,30.00,30.00,30.00,2286.23,33.90
5168.6,29.95,29.90,30.00,2286.23,33.95
5175.6,29.95,29.90,30.00,2286.24,33.96
5184.5,30.00,30.00,30.00,2286.23,33.92
5191.5,30.00,30.00,30.00,2286.23,33.86
5200.4,30.00,30.00,30.00,2286.22,33.84
5207.4,30.00,30.00,30.00,2286.22,33.87
5216.3,29.95,30.00,29.90,2286.22,33.87
5223.3,29.95,30.00,29.90,2286.23,33.86
5232.2,29.90,29.90,29.90,2286.21,33.90
5239.2,29.90,29.90,29.90,2286.22,33.87
5248.1,29.95,30.00,29.90,2286.22,33.85
5255.1,29.90,29.90,29.90,2286.21,33.90
5264.0,29.90,29.90,29.90,2286.21,34.00
5271.0,29.90,29.90,29.90,2286.20,34.05
5279.9,29.90,29.90,29.90,2286.20,34.05
5286.9,30.00,30.00,30.00,2286.20,34.03
5295.8,30.00,30.00,30.00,2286.21,33.98
5302.8,30.05,30.10,30.00,2286.20,33.95
5311.7,30.05,30.10,30.00,2286.19,33.93
5318.6,30.05,30.10,30.00,2286.19,33.89
5327.6,30.05,30.10,30.00,2286.19,33.87
5334.6,30.05,30.10,30.00,2286.19,33.83
5343.5,30.05,30.10,30.00,2286.18,33.77
5350.5,30.05,30.10,30.00,2286.19,33.70
5359.4,30.05,30.10,30.00,2286.17,33.63
5366.4,30.05,30.10,30.00,2286.18,33.62
5375.3,30.00,30.00,30.00,2286.18,33.68
5382.2,30.00,30.00,30.00,2286.17,33.69
5391.2,30.00,30.00,30.00,2286.19,33.68
5398.2,30.00,30.00,30.00,2286.18,33.66
5407.1,29.95,29.90,30.00,2286.18,33.69
5414.0,29.90,29.80,30.00,2286.17,33.79
5423.0,29.90,29.80,30.00,2286.17,33.91
5429.9,29.85,29.70,30.00,2286.16,34.03
5438.9,29.85,29.80,29.90,2286.18,34.05
5445.9,29.90,29.90,29.90,2286.16,34.03
5454.8,29.95,30.00,29.90,2286.15,34.01
5461.7,29.95,30.00,29.90,2286.16,34.00
5470.7,29.95,30.00,29.90,2286.16,33.99
5477.6,29.95,30.00,29.90,2286.16,33.95
5486.6,29.95,30.00,29.90,2286.16,33.92
5493.6,29.95,30.00,29.90,2286.16,33.90
5502.5,29.95,30.00,29.90,2286.15,33.88
5509.5,29.95,30.00,29.90,2286.16,33.91
5518.4,29.95,30.00,29.90,2286.15,33.89
5525.4,29.95,30.00,29.90,2286.14,33.86
5534.3,29.95,30.00,29.90,2286.14,33.89
5541.3,29.95,30.00,29.90,2286.14,33.89
5550.2,29.95,30.00,29.90,2286.14,33.90
5557.2,30.00,30.10,29.90,2286.14,33.84
5566.1,30.00,30.10,29.90,2286.14,33.77
5573.1,30.00,30.10,29.90,2286.13,33.68
5582.0,30.00,30.10,29.90,2286.14,33.65
5590.9,29.95,30.00,29.90,2286.12,33.71
5599.9,29.95,30.00,29.90,2286.14,33.72
5606.8,29.95,30.00,29.90,2286.14,33.69
5615.8,30.00,30.00,30.00,2286.13,33.68
5622.8,29.95,29.90,30.00,2286.10,33.67
5631.7,29.95,29.90,30.00,2286.11,33.65
5638.6,29.95,29.90,30.00,2286.12,33.77
5647.6,29.95,29.90,30.00,2286.11,33.82
5654.5,29.95,29.90,30.00,2286.11,33.84
5663.5,29.95,29.90,30.00,2286.10,33.82
5670.4,29.95,29.90,30.00,2286.09,33.81
5680.4,30.00,30.00,30.00,2286.11,33.79
5689.3,30.05,30.10,30.00,2286.10,33.76
5696.3,30.00,30.00,30.00,2286.10,33.80
5705.2,30.00,30.00,30.00,2286.09,33.86
5712.2,30.00,30.00,30.00,2286.09,33.83
5721.1,30.05,30.10,30.00,2286.08,33.80
5728.1,30.05,30.10,30.00,2286.09,33.71
5737.0,30.05,30.10,30.00,2286.07,33.65
5744.0,30.05,30.10,30.00,2286.09,33.57
5753.9,30.05,30.10,30.00,2286.08,33.50
5762.9,30.05,30.10,30.00,2286.07,33.47
5769.8,29.95,29.90,30.00,2286.08,33.59
5778.8,29.90,29.80,30.00,2286.10,33.79
5787.7,29.85,29.70,30.00,2286.07,33.95
5796.7,29.85,29.70,30.00,2286.08,34.08
5805.6,29.80,29.60,30.00,2286.08,34.27
5814.6,29.80,29.60,30.00,2286.07,34.31
5821.5,29.95,29.90,30.00,2286.07,34.35
5831.4,30.00,30.00,30.00,2286.08,34.28
5840.4,30.05,30.10,30.00,2286.06,34.22
5847.3,30.15,30.30,30.00,2286.07,34.16
5856.3,30.20,30.40,30.00,2286.07,34.09
5863.2,30.20,30.40,30.00,2286.07,34.01
5872.2,30.20,30.40,30.00,2286.07,34.01
5879.1,30.20,30.40,30.00,2286.06,33.93
5888.1,30.20,30.40,30.00,2286.06,33.87
5895.0,30.15,30.30,30.00,2286.06,33.85
5904.0,30.10,30.20,30.00,2286.06,33.89
5910.9,30.05,30.20,29.90,2286.05,33.94
5919.9,30.05,30.20,29.90,2286.05,33.91
5928.8,30.05,30.20,29.90,2286.05,33.88
5937.8,30.05,30.20,29.90,2286.05,33.83
5944.7,30.05,30.20,29.90,2286.03,33.77
5953.7,30.05,30.20,29.90,2286.03,33.72
5960.6,30.05,30.20,29.90,2286.03,33.66
5969.6,30.00,30.10,29.90,2286.04,33.62
5976.5,29.95,30.00,29.90,2286.02,33.73
5985.5,29.95,30.00,29.90,2286.03,33.77
5992.4,29.90,29.90,29.90,2286.01,33.79
6001.4,29.90,29.90,29.90,2286.01,33.88
6008.3,29.90,29.90,29.90,2286.02,33.87
6017.3,29.90,29.90,29.90,2286.03,33.86
6024.2,29.90,29.90,29.90,2286.02,33.86
6033.2,29.90,29.90,29.90,2285.99,33.88
6040.1,29.90,29.90,29.90,2286.02,33.85
6049.1,29.90,29.90,29.90,2286.02,33.83
6056.0,29.90,29.90,29.90,2286.00,33.81
6066.0,29.90,29.90,29.90,2285.99,33.87
6074.9,29.95,30.00,29.90,2286.01,33.83
6081.9,29.95,30.00,29.90,2285.99,33.78
6090.8,29.95,30.00,29.90,2286.00,33.82
6097.8,29.90,29.90,29.90,2286.00,33.83
6106.7,29.90,29.90,29.90,2286.00,33.89
6113.7,29.90,29.90,29.90,2286.00,33.88
6123.6,29.95,30.00,29.90,2285.97,33.87
6132.6,30.00,30.00,30.00,2285.99,33.82
6139.5,30.05,30.10,30.00,2285.99,33.76
6148.5,30.05,30.10,30.00,2285.97,33.69
6155.4,30.00,30.10,29.90,2285.97,33.60
6164.4,30.00,30.10,29.90,2285.97,33.54
6171.3,30.00,30.10,29.90,2285.96,33.56
6180.3,30.00,30.10,29.90,2285.97,33.54
6187.2,29.95,29.90,30.00,2285.97,33.63
6196.2,29.95,29.90,30.00,2285.96,33.69
6203.1,29.95,29.90,30.00,2285.95,33.72
6212.1,29.95,29.90,30.00,2285.95,33.73
6219.0,29.90,29.80,30.00,2285.97,33.88
6228.0,29.85,29.70,30.00,2285.94,34.02
6234.9,29.80,29.60,30.00,2285.94,34.14
6243.8,29.90,29.80,30.00,2285.96,34.23
6250.8,29.90,29.80,30.00,2285.93,34.25
6259.8,29.95,29.90,30.00,2285.94,34.30
6266.7,29.95,29.90,30.00,2285.95,34.28
6275.7,29.95,29.90,30.00,2285.94,34.29
6282.6,30.00,30.00,30.00,2285.94,34.30
6291.6,30.05,30.10,30.00,2285.95,34.24
6298.5,30.10,30.20,30.00,2285.94,34.15
6308.4,30.05,30.20,29.90,2285.94,34.15
6317.4,30.05,30.20,29.90,2285.94,34.09
6324.3,30.05,30.20,29.90,2285.94,34.02
6333.3,30.05,30.20,29.90,2285.94,33.96
6340.2,30.05,30.20,29.90,2285.94,34.02
6349.2,30.05,30.20,29.90,2285.94,33.99
6356.1,30.10,30.20,30.00,2285.94,34.01
6365.1,30.10,30.20,30.00,2285.94,33.93
6372.0,30.10,30.20,30.00,2285.93,33.93
6381.0,30.10,30.20,30.00,2285.95,33.88
6387.9,30.10,30.20,30.00,2285.94,33.79
6396.9,30.10,30.20,30.00,2285.93,33.74
6403.8,30.00,30.00,30.00,2285.94,33.76
6412.8,30.00,30.00,30.00,2285.93,33.81
6419.7,29.95,29.90,30.00,2285.93,33.94
6428.7,29.90,29.80,30.00,2285.93,33.97
6435.6,29.85,29.80,29.90,2285.92,34.10
6444.6,29.85,29.80,29.90,2285.91,34.14
6451.5,29.90,29.90,29.90,2285.91,34.10
6460.5,29.90,29.90,29.90,2285.90,34.05
6467.4,29.95,30.00,29.90,2285.91,34.00
6476.4,29.95,30.00,29.90,2285.92,33.95
6483.3,29.95,30.00,29.90,2285.90,33.91
6493.3,30.00,30.10,29.90,2285.92,33.88
6502.2,30.00,30.10,29.90,2285.91,33.83
6509.2,30.00,30.10,29.90,2285.90,33.84
6518.1,30.00,30.10,29.90,2285.91,33.81
6525.1,30.10,30.20,30.00,2285.90,33.74
6534.0,30.10,30.20,30.00,2285.91,33.75
6541.0,30.05,30.10,30.00,2285.90,33.83
6549.9,30.00,30.00,30.00,2285.90,33.85
6556.9,30.00,30.00,30.00,2285.90,33.88
6565.8,30.00,30.00,30.00,2285.88,33.86
6572.8,30.00,30.00,30.00,2285.89,33.79
6581.7,30.00,30.00,30.00,2285.89,33.74
6590.7,29.95,30.00,29.90,2285.89,33.76
6599.6,29.95,30.00,29.90,2285.88,33.77
6606.6,29.95,30.00,29.90,2285.88,33.70
6615.5,30.00,30.00,30.00,2285.88,33.65
6622.5,30.00,30.00,30.00,2285.88,33.66
6631.4,29.95,29.90,30.00,2285.89,33.70
6638.4,29.95,29.90,30.00,2285.87,33.73
6647.3,29.95,29.90,30.00,2285.88,33.71
6654.2,29.95,29.90,30.00,2285.88,33.76
6663.2,29.95,29.90,30.00,2285.87,33.77
6670.1,29.95,29.90,30.00,2285.89,33.79
6679.1,29.95,29.90,30.00,2285.88,33.79
6688.0,29.90,29.80,30.00,2285.89,33.85
6697.0,29.90,29.80,30.00,2285.89,33.92
6703.9,29.90,29.80,30.00,2285.88,33.94
6712.9,29.95,29.90,30.00,2285.89,33.91
6719.9,29.95,29.90,30.00,2285.88,33.92
6728.8,29.95,29.90,30.00,2285.88,33.92
6737.7,30.00,30.00,30.00,2285.91,33.91
6746.7,30.00,30.00,30.00,2285.87,33.88
6753.6,30.00,30.00,30.00,2285.88,33.84
6762.6,30.00,30.00,30.00,2285.88,33.82
6771.5,30.00,30.00,30.00,2285.89,33.78
6781.5,30.00,30.00,30.00,2285.88,33.78
6790.4,30.00,30.00,30.00,2285.87,33.82
6797.4,29.90,29.90,29.90,2285.86,33.91
6806.3,29.90,29.90,29.90,2285.89,33.95
6813.3,29.95,30.00,29.90,2285.87,33.92
6823.2,29.95,30.00,29.90,2285.90,33.92
6832.2,29.95,30.00,29.90,2285.89,33.92
6839.1,29.95,30.00,29.90,2285.88,33.86
6849.0,29.95,30.00,29.90,2285.88,33.85
6858.0,29.95,30.00,29.90,2285.89,33.81
6866.9,29.95,30.00,29.90,2285.88,33.78
6875.9,29.95,30.00,29.90,2285.89,33.74
6882.8,30.05,30.10,30.00,2285.88,33.68
6891.8,30.05,30.10,30.00,2285.88,33.63
6898.7,30.05,30.10,30.00,2285.87,33.56
6907.7,30.00,30.00,30.00,2285.88,33.58
6914.6,29.95,29.90,30.00,2285.88,33.68
6923.6,29.90,29.80,30.00,2285.87,33.86
6932.5,29.90,29.80,30.00,2285.86,33.91
6941.5,29.90,29.80,30.00,2285.86,33.86
6948.4,30.00,30.00,30.00,2285.87,33.81
6957.4,30.00,30.00,30.00,2285.87,33.77
6966.3,30.00,30.00,30.00,2285.87,33.74
6975.3,29.95,29.90,30.00,2285.86,33.81
6982.2,29.95,29.90,30.00,2285.86,33.94
6991.2,29.90,29.90,29.90,2285.86,33.97
6998.1,29.95,30.00,29.90,2285.87,33.93
7007.1,30.00,30.10,29.90,2285.86,33.86
7014.0,30.00,30.10,29.90,2285.85,33.85
7023.0,30.00,30.10,29.90,2285.86,33.92
7029.9,30.00,30.10,29.90,2285.85,33.89
7038.9,30.05,30.10,30.00,2285.85,33.86
7045.8,30.05,30.10,30.00,2285.86,33.83
7054.8,30.05,30.10,30.00,2285.85,33.78
7061.7,30.05,30.10,30.00,2285.86,33.73
7070.7,30.00,30.00,30.00,2285.83,33.75
7077.6,29.95,29.90,30.00,2285.85,33.81
7086.6,29.95,29.90,30.00,2285.85,33.84
7093.5,29.95,29.90,30.00,2285.85,33.86
7102.5,29.95,29.90,30.00,2285.84,33.89
7109.4,29.95,29.90,30.00,2285.84,33.90
7118.4,29.95,29.90,30.00,2285.85,33.87
7125.3,30.00,30.00,30.00,2285.84,33.83
7134.3,30.00,30.00,30.00,2285.84,33.77
7141.2,30.00,30.00,30.00,2285.83,33.78
7150.2,30.00,30.00,30.00,2285.82,33.80
7157.1,30.00,30.00,30.00,2285.85,33.82
7166.1,29.90,29.90,29.90,2285.83,33.89
7173.0,29.85,29.80,29.90,2285.83,34.00
7182.0,29.80,29.80,29.80,2285.83,34.07
7190.9,29.85,29.90,29.80,2285.83,34.10
7199.9,29.85,29.90,29.80,2285.84,34.04
7206.8,29.90,29.90,29.90,2285.84,34.03
7215.8,29.90,29.90,29.90,2285.83,34.03
7222.7,30.00,30.00,30.00,2285.86,34.01
7231.7,30.00,30.00,30.00,2285.84,34.00
7238.6,30.00,30.00,30.00,2285.84,33.99
7247.6,30.05,30.10,30.00,2285.83,33.97
7254.5,30.05,30.10,30.00,2285.85,33.91
7263.5,30.05,30.10,30.00,2285.83,33.87
7270.4,30.05,30.10,30.00,2285.84,33.89
7279.3,30.05,30.10,30.00,2285.85,33.87
7288.3,30.00,30.00,30.00,2285.84,33.92
7298.2,30.00,30.00,30.00,2285.83,33.91
7307.2,30.00,30.00,30.00,2285.83,33.91
7314.1,30.00,30.00,30.00,2285.82,33.88
7323.1,30.00,30.00,30.00,2285.84,33.83
7330.1,30.00,30.00,30.00,2285.85,33.79
7339.0,29.95,30.00,29.90,2285.82,33.78
7345.9,29.95,30.00,29.90,2285.82,33.79
7354.9,29.95,30.00,29.90,2285.83,33.76
7361.8,30.00,30.00,30.00,2285.83,33.72
7370.8,30.00,30.00,30.00,2285.83,33.77
7377.7,29.95,29.90,30.00,2285.82,33.87
7386.7,29.95,29.90,30.00,2285.84,33.93
7393.6,29.95,29.90,30.00,2285.83,33.96
7402.6,29.95,29.90,30.00,2285.82,33.97
7409.5,29.95,29.90,30.00,2285.84,33.98
7418.5,29.95,29.90,30.00,2285.82,33.98
7425.4,30.00,30.00,30.00,2285.81,33.93
7434.4,30.00,30.00,30.00,2285.83,33.90
7443.3,30.00,30.00,30.00,2285.81,33.86
7452.3,30.05,30.10,30.00,2285.81,33.82
7459.2,30.05,30.10,30.00,2285.82,33.75
7468.2,30.05,30.10,30.00,2285.82,33.67
7475.1,30.05,30.10,30.00,2285.81,33.59
7484.1,30.00,30.10,29.90,2285.80,33.59
7491.0,29.90,30.00,29.80,2285.80,33.61
7501.0,29.90,30.00,29.80,2285.80,33.71
7509.9,29.90,30.00,29.80,2285.80,33.72
7516.8,29.95,30.00,29.90,2285.79,33.70
7525.8,29.95,30.00,29.90,2285.79,33.64
7532.7,29.95,30.00,29.90,2285.79,33.58
7541.7,29.95,30.00,29.90,2285.80,33.55
7548.6,29.95,30.00,29.90,2285.79,33.57
7557.6,29.85,29.80,29.90,2285.78,33.77
7564.5,29.90,29.80,30.00,2285.79,33.89
7573.5,29.95,29.90,30.00,2285.77,33.89
7580.5,30.00,30.00,30.00,2285.77,33.81
7589.4,30.00,30.00,30.00,2285.78,33.76
7596.4,30.05,30.10,30.00,2285.77,33.72
7605.3,30.05,30.10,30.00,2285.77,33.68
7612.3,30.05,30.10,30.00,2285.77,33.63
7621.2,30.05,30.10,30.00,2285.76,33.58
7628.2,29.95,30.00,29.90,2285.75,33.51
7637.1,29.95,30.00,29.90,2285.75,33.46
7644.1,29.95,30.00,29.90,2285.77,33.39
7653.0,29.95,30.00,29.90,2285.77,33.38
7660.0,29.90,29.90,29.90,2285.74,33.38
7668.9,29.85,29.80,29.90,2285.75,33.44
7675.9,29.80,29.70,29.90,2285.76,33.63
7684.8,29.80,29.70,29.90,2285.74,33.76
7691.8,29.80,29.70,29.90,2285.72,33.85
7700.7,29.85,29.70,30.00,2285.74,33.90
7707.7,29.90,29.80,30.00,2285.73,33.87
7716.6,29.95,29.90,30.00,2285.74,33.86
7723.6,29.95,29.90,30.00,2285.74,33.90
7732.5,29.95,29.90,30.00,2285.73,33.87
7741.5,29.95,29.90,30.00,2285.73,33.89
7750.4,30.00,30.00,30.00,2285.75,33.87
7757.4,30.00,30.00,30.00,2285.73,33.82
7766.3,30.05,30.10,30.00,2285.73,33.79
7773.3,30.10,30.20,30.00,2285.75,33.72
7782.2,30.10,30.20,30.00,2285.71,33.68
7789.2,30.10,30.20,30.00,2285.71,33.61
7798.1,30.10,30.20,30.00,2285.72,33.55
7805.1,30.00,30.10,29.90,2285.73,33.56
7814.0,29.95,30.00,29.90,2285.72,33.57
7821.0,29.95,30.00,29.90,2285.71,33.66
7829.9,29.85,29.80,29.90,2285.71,33.76
7836.9,29.80,29.70,29.90,2285.71,33.97
7845.8,29.80,29.70,29.90,2285.71,34.05
7852.8,29.80,29.70,29.90,2285.70,34.16
7861.7,29.80,29.70,29.90,2285.72,34.16
7868.7,29.90,29.90,29.90,2285.72,34.11
7877.6,29.95,30.00,29.90,2285.70,34.05
7884.6,30.05,30.20,29.90,2285.70,33.98
7893.5,30.10,30.20,30.00,2285.70,33.93
7900.4,30.10,30.20,30.00,2285.70,33.89
7909.4,30.10,30.20,30.00,2285.70,33.88
7918.3,30.10,30.20,30.00,2285.68,33.81
7927.3,30.10,30.20,30.00,2285.69,33.76
7934.2,30.10,30.20,30.00,2285.70,33.70
7943.2,30.10,30.20,30.00,2285.69,33.77
7950.1,30.10,30.20,30.00,2285.68,33.72
7959.1,30.05,30.10,30.00,2285.69,33.79
7966.0,30.05,30.10,30.00,2285.68,33.80
7975.0,30.05,30.10,30.00,2285.69,33.76
7981.9,30.05,30.10,30.00,2285.70,33.75
7991.9,30.05,30.10,30.00,2285.67,33.71
8000.8,30.05,30.10,30.00,2285.68,33.67
8007.8,30.05,30.10,30.00,2285.67,33.61
8016.7,30.00,30.10,29.90,2285.68,33.55
8023.7,30.00,30.10,29.90,2285.68,33.49
8032.6,30.00,30.10,29.90,2285.68,33.45
8039.6,29.95,30.00,29.90,2285.68,33.40
8048.5,29.90,29.90,29.90,2285.68,33.48
8055.5,29.90,29.90,29.90,2285.69,33.50
8064.4,29.95,29.90,30.00,2285.68,33.49
8071.4,29.95,29.90,30.00,2285.68,33.49
8081.3,29.95,29.90,30.00,2285.68,33.46
8090.3,29.95,29.90,30.00,2285.69,33.49
8099.2,29.95,29.90,30.00,2285.68,33.52
8108.2,29.90,29.80,30.00,2285.68,33.58
8115.1,29.90,29.80,30.00,2285.69,33.67
8125.1,29.90,29.80,30.00,2285.69,33.73
8134.0,29.85,29.80,29.90,2285.67,33.71
8140.9,29.90,29.90,29.90,2285.67,33.70
8149.9,29.85,29.90,29.80,2285.68,33.72
8156.8,29.80,29.80,29.80,2285.67,33.90
8165.8,29.80,29.80,29.80,2285.66,34.00
8172.8,29.90,30.00,29.80,2285.66,33.98
8181.7,29.90,30.00,29.80,2285.68,33.96
8188.7,30.00,30.10,29.90,2285.67,33.89
8197.6,30.05,30.20,29.90,2285.68,33.84
8204.5,30.05,30.20,29.90,2285.66,33.79
8213.5,30.05,30.10,30.00,2285.66,33.86
8220.4,30.05,30.10,30.00,2285.68,33.85
8229.4,30.05,30.10,30.00,2285.65,33.83
8236.4,30.05,30.10,30.00,2285.66,33.77
8246.3,30.05,30.10,30.00,2285.67,33.70
8255.3,30.05,30.10,30.00,2285.67,33.69
8262.2,30.05,30.10,30.00,2285.66,33.76
8271.1,30.00,30.00,30.00,2285.67,33.79
8278.1,30.00,30.00,30.00,2285.66,33.88
8286.9,30.00,30.00,30.00,2285.66,33.89
8294.0,29.95,29.90,30.00,2285.65,33.94
8303.0,29.95,29.90,30.00,2285.65,34.04
8309.9,29.95,29.90,30.00,2285.66,34.03
8318.8,30.00,30.00,30.00,2285.68,33.99
8325.8,30.05,30.10,30.00,2285.64,33.92
8334.8,30.05,30.10,30.00,2285.64,33.84
8341.7,30.10,30.20,30.00,2285.65,33.76
8350.6,30.10,30.20,30.00,2285.66,33.77
8357.6,30.10,30.20,30.00,2285.64,33.70
8366.5,30.10,30.20,30.00,2285.66,33.65
8373.5,30.05,30.10,30.00,2285.65,33.65
8382.5,30.00,30.00,30.00,2285.65,33.66
8389.4,29.95,30.00,29.90,2285.63,33.68
8399.3,29.95,30.00,29.90,2285.66,33.68
8408.3,29.95,30.00,29.90,2285.63,33.68
8415.2,29.90,29.90,29.90,2285.63,33.66
8424.2,29.90,29.90,29.90,2285.63,33.63
8431.1,29.90,29.90,29.90,2285.64,33.62
8441.1,30.00,30.00,30.00,2285.63,33.61
8450.0,30.00,30.00,30.00,2285.64,33.60
8457.0,30.00,30.00,30.00,2285.63,33.58
8465.9,30.00,30.00,30.00,2285.62,33.55
8472.9,30.00,30.00,30.00,2285.62,33.54
8482.8,30.00,30.00,30.00,2285.61,33.53
8491.8,30.00,30.00,30.00,2285.61,33.50
8498.7,29.95,29.90,30.00,2285.63,33.51
8508.7,29.95,29.90,30.00,2285.62,33.58
8517.6,29.95,29.90,30.00,2285.61,33.59
8524.6,29.90,29.80,30.00,2285.61,33.67
8534.5,29.85,29.70,30.00,2285.61,33.82
8543.5,29.80,29.60,30.00,2285.61,33.96
8550.4,29.75,29.60,29.90,2285.60,34.09
8559.4,29.85,29.80,29.90,2285.61,34.13
8566.3,29.90,29.90,29.90,2285.61,34.12
8575.3,29.95,30.00,29.90,2285.60,34.07
8582.2,30.00,30.10,29.90,2285.60,34.06
8591.2,30.10,30.20,30.00,2285.59,34.01
8598.1,30.10,30.20,30.00,2285.58,33.94
8607.0,30.10,30.20,30.00,2285.59,33.90
8614.0,30.10,30.20,30.00,2285.59,33.88
8623.0,30.05,30.10,30.00,2285.58,33.96
8629.9,30.00,30.00,30.00,2285.58,34.05
8638.9,29.95,29.90,30.00,2285.59,34.20
8645.8,29.95,29.90,30.00,2285.59,34.25
8654.8,30.00,30.10,29.90,2285.60,34.20
8661.7,30.05,30.20,29.90,2285.59,34.12
8670.6,30.10,30.30,29.90,2285.58,34.06
8679.6,30.15,30.30,30.00,2285.58,33.98
8688.5,30.20,30.40,30.00,2285.56,33.92
8695.5,30.20,30.40,30.00,2285.58,33.82
8704.4,30.20,30.40,30.00,2285.59,33.76
8711.4,30.20,30.40,30.00,2285.57,33.73
8720.3,30.15,30.30,30.00,2285.57,33.79
8727.3,30.10,30.20,30.00,2285.57,33.80
8736.2,30.05,30.10,30.00,2285.55,33.84
8743.2,30.05,30.10,30.00,2285.56,33.88
8752.1,30.05,30.10,30.00,2285.57,33.85
8759.1,30.00,30.10,29.90,2285.56,33.85
8768.0,30.00,30.10,29.90,2285.56,33.84
8775.0,30.00,30.10,29.90,2285.56,33.80
8783.9,30.00,30.10,29.90,2285.57,33.78
8790.9,30.00,30.10,29.90,2285.57,33.69
8799.8,30.00,30.10,29.90,2285.56,33.75
8806.8,30.00,30.10,29.90,2285.55,33.73
8815.7,30.00,30.10,29.90,2285.55,33.70
8822.7,29.95,30.00,29.90,2285.56,33.72
8831.6,29.95,30.00,29.90,2285.54,33.72
8838.6,29.95,30.00,29.90,2285.55,33.69
8847.5,30.00,30.00,30.00,2285.55,33.66
8854.5,30.00,30.00,30.00,2285.55,33.60
8863.4,30.00,30.00,30.00,2285.54,33.60
8870.4,30.00,30.00,30.00,2285.55,33.60
8879.3,30.00,30.00,30.00,2285.55,33.59
8886.3,29.90,29.90,29.90,2285.55,33.62
8895.2,29.90,29.90,29.90,2285.54,33.65
8902.2,29.90,29.90,29.90,2285.54,33.65
8911.1,29.90,29.90,29.90,2285.54,33.66
8918.1,29.90,29.90,29.90,2285.52,33.66
8927.0,29.85,29.80,29.90,2285.52,33.71
8934.0,29.80,29.70,29.90,2285.53,33.86
8942.9,29.80,29.70,29.90,2285.53,34.03
8949.9,29.85,29.80,29.90,2285.53,34.06
8958.8,29.90,29.90,29.90,2285.52,34.02
8965.8,29.95,30.00,29.90,2285.52,33.95
8974.8,30.05,30.20,29.90,2285.51,33.90
8981.7,30.05,30.20,29.90,2285.51,33.81
8990.6,30.05,30.20,29.90,2285.49,33.75
8997.6,30.10,30.20,30.00,2285.52,33.68
9006.5,30.10,30.20,30.00,2285.51,33.62
9013.5,30.10,30.20,30.00,2285.51,33.58
9022.4,30.05,30.10,30.00,2285.52,33.63
9029.4,30.05,30.10,30.00,2285.50,33.69
9039.3,30.00,30.00,30.00,2285.50,33.72
9049.3,30.00,30.00,30.00,2285.51,33.76
9058.2,30.00,30.00,30.00,2285.50,33.78
9065.2,29.95,29.90,30.00,2285.48,33.83
9074.1,29.95,29.90,30.00,2285.49,33.83
9081.1,30.00,30.00,30.00,2285.51,33.83
9090.0,30.00,30.00,30.00,2285.48,33.80
9096.9,30.00,30.00,30.00,2285.50,33.88
9105.9,30.00,30.00,30.00,2285.49,33.93
9112.9,30.00,30.00,30.00,2285.48,33.94
9121.8,30.00,30.00,30.00,2285.50,33.93
9128.8,30.00,30.00,30.00,2285.49,33.88
9137.7,30.05,30.10,30.00,2285.50,33.86
9144.7,30.05,30.10,30.00,2285.48,33.80
9153.6,30.10,30.20,30.00,2285.49,33.74
9160.6,30.10,30.20,30.00,2285.48,33.69
9169.5,30.10,30.20,30.00,2285.49,33.66
9176.4,30.10,30.20,30.00,2285.48,33.58
9185.4,30.05,30.10,30.00,2285.47,33.53
9192.4,30.05,30.10,30.00,2285.49,33.54
9201.3,30.00,30.00,30.00,2285.47,33.55
9210.3,30.00,30.00,30.00,2285.46,33.55
9219.2,30.00,30.00,30.00,2285.46,33.55
9228.1,30.00,30.00,30.00,2285.46,33.53
9237.1,30.00,30.00,30.00,2285.47,33.51
9244.0,29.95,29.90,30.00,2285.47,33.52
9253.0,29.95,29.90,30.00,2285.43,33.58
9261.9,29.90,29.90,29.90,2285.46,33.62
9270.9,29.90,29.90,29.90,2285.45,33.64
9277.8,29.90,29.90,29.90,2285.43,33.65
9286.8,29.90,29.90,29.90,2285.44,33.66
9295.7,29.90,29.90,29.90,2285.45,33.64
9304.7,29.90,29.90,29.90,2285.44,33.71
9311.6,29.90,29.90,29.90,2285.43,33.73
9321.6,29.95,30.00,29.90,2285.44,33.74
9330.5,29.95,30.00,29.90,2285.43,33.73
9337.5,29.95,30.00,29.90,2285.43,33.73
9346.4,29.90,29.90,29.90,2285.43,33.78
9353.4,29.85,29.80,29.90,2285.44,33.87
9362.3,29.85,29.80,29.90,2285.42,33.92
9371.3,29.95,29.90,30.00,2285.44,33.97
9380.2,29.95,29.90,30.00,2285.43,33.92
9387.2,30.00,30.00,30.00,2285.44,33.91
9396.1,30.00,30.00,30.00,2285.42,33.87
9403.1,30.00,30.00,30.00,2285.43,33.84
9412.0,30.05,30.10,30.00,2285.42,33.84
9419.0,30.05,30.10,30.00,2285.43,33.76
9427.9,30.05,30.10,30.00,2285.43,33.70
9434.9,30.05,30.10,30.00,2285.43,33.64
9443.8,30.05,30.10,30.00,2285.42,33.64
9450.8,30.00,30.00,30.00,2285.42,33.71
9459.7,29.90,29.90,29.90,2285.43,33.76
9468.6,29.85,29.80,29.90,2285.44,33.94
9477.6,29.85,29.80,29.90,2285.43,34.00
9484.6,29.85,29.80,29.90,2285.43,34.01
9493.5,29.85,29.80,29.90,2285.41,34.02
9500.4,29.90,29.90,29.90,2285.42,34.06
9509.4,30.00,30.00,30.00,2285.41,34.04
9516.3,30.05,30.10,30.00,2285.42,34.01
9525.3,30.05,30.10,30.00,2285.41,33.96
9532.2,30.05,30.10,30.00,2285.41,33.89
9541.2,30.10,30.20,30.00,2285.41,33.85
9548.2,30.10,30.20,30.00,2285.41,33.76
9557.1,30.10,30.20,30.00,2285.41,33.67
9566.0,30.10,30.20,30.00,2285.41,33.61
9575.0,30.10,30.20,30.00,2285.41,33.65
9581.9,30.05,30.10,30.00,2285.43,33.73
9590.9,30.00,30.00,30.00,2285.42,33.78
9597.8,29.90,29.90,29.90,2285.41,33.82
9606.8,29.85,29.80,29.90,2285.42,33.98
9615.7,29.85,29.80,29.90,2285.42,34.02
9624.7,29.85,29.80,29.90,2285.42,34.02
9631.6,29.85,29.80,29.90,2285.42,34.02
9640.6,29.95,30.00,29.90,2285.44,33.98
9649.5,29.95,30.00,29.90,2285.44,33.94
9658.5,30.05,30.20,29.90,2285.43,33.89
9665.4,30.05,30.20,29.90,2285.42,33.82
9674.4,30.10,30.20,30.00,2285.43,33.76
9681.3,30.10,30.20,30.00,2285.43,33.76
9690.3,30.05,30.10,30.00,2285.43,33.81
9697.2,29.95,29.90,30.00,2285.43,33.95
9706.2,29.95,29.90,30.00,2285.43,34.10
9713.1,29.95,29.90,30.00,2285.43,34.12
9722.1,30.00,30.00,30.00,2285.42,34.13
9729.0,30.05,30.10,30.00,2285.43,34.08
9738.0,30.10,30.20,30.00,2285.43,34.02
9744.9,30.15,30.30,30.00,2285.41,33.96
9753.9,30.15,30.30,30.00,2285.43,33.89
9760.8,30.15,30.30,30.00,2285.44,33.80
9769.8,30.10,30.20,30.00,2285.42,33.82
9776.7,30.10,30.20,30.00,2285.44,33.84
9785.7,30.10,30.20,30.00,2285.42,33.80
9792.6,30.10,30.20,30.00,2285.40,33.75
9801.6,30.10,30.20,30.00,2285.41,33.68
9808.5,30.10,30.20,30.00,2285.41,33.68
9817.5,30.10,30.20,30.00,2285.41,33.65
9824.4,30.05,30.10,30.00,2285.42,33.67
9834.4,30.05,30.10,30.00,2285.42,33.69
9843.3,30.00,30.00,30.00,2285.40,33.76
9850.2,30.00,30.00,30.00,2285.40,33.77
9859.2,30.00,30.00,30.00,2285.41,33.75
9866.2,30.00,30.00,30.00,2285.40,33.72
9875.1,29.95,30.00,29.90,2285.42,33.71
9882.1,29.95,30.00,29.90,2285.40,33.70
9891.0,29.95,30.00,29.90,2285.41,33.67
9898.0,29.95,30.00,29.90,2285.40,33.62
9906.9,29.95,30.00,29.90,2285.40,33.58
9913.9,29.95,30.00,29.90,2285.40,33.53
9922.8,29.95,30.00,29.90,2285.40,33.55
9929.8,29.95,30.00,29.90,2285.42,33.56
9939.7,29.95,30.00,29.90,2285.41,33.56
9948.7,30.00,30.00,30.00,2285.41,33.55
9955.6,30.00,30.00,30.00,2285.41,33.54
9964.6,29.95,29.90,30.00,2285.41,33.57
9971.5,29.95,29.90,30.00,2285.41,33.63
9980.5,29.85,29.70,30.00,2285.41,33.78
9987.4,29.85,29.70,30.00,2285.41,33.95
9996.4,29.90,29.80,30.00,2285.43,33.91
10003.3,29.95,29.90,30.00,2285.41,33.88
10012.3,29.90,29.90,29.90,2285.40,33.86
10021.2,29.95,30.00,29.90,2285.41,33.82
10030.2,30.00,30.10,29.90,2285.42,33.79
10037.1,30.00,30.10,29.90,2285.41,33.72
10046.0,30.00,30.10,29.90,2285.40,33.68
10053.0,30.05,30.20,29.90,2285.41,33.61
10061.9,30.05,30.20,29.90,2285.40,33.55
10068.9,30.15,30.30,30.00,2285.40,33.47
10077.9,30.10,30.20,30.00,2285.40,33.49
10084.8,30.05,30.10,30.00,2285.41,33.50
10093.8,30.05,30.10,30.00,2285.40,33.52
10100.7,30.00,30.00,30.00,2285.39,33.53
10109.7,29.95,29.90,30.00,2285.40,33.62
10116.6,29.95,29.90,30.00,2285.40,33.67
10125.6,29.90,29.80,30.00,2285.40,33.74
10132.5,29.90,29.80,30.00,2285.39,33.80
10141.4,29.85,29.80,29.90,2285.39,33.85
10148.4,29.85,29.80,29.90,2285.38,33.90
10157.4,29.90,29.90,29.90,2285.40,33.86
10164.3,29.90,29.90,29.90,2285.38,33.81
10173.3,29.95,30.00,29.90,2285.39,33.81
10180.2,30.00,30.00,30.00,2285.39,33.77
10189.2,30.05,30.10,30.00,2285.36,33.72
10196.1,30.05,30.10,30.00,2285.39,33.66
10205.1,30.00,30.10,29.90,2285.38,33.62
10212.0,30.00,30.10,29.90,2285.38,33.64
10220.9,30.00,30.10,29.90,2285.37,33.62
10227.9,30.00,30.10,29.90,2285.37,33.61
10236.9,29.95,30.00,29.90,2285.37,33.64
10243.8,29.95,30.00,29.90,2285.37,33.64
10252.7,29.95,30.00,29.90,2285.37,33.63
10259.7,29.95,30.00,29.90,2285.38,33.62
10269.6,29.95,30.00,29.90,2285.37,33.62
10278.6,29.90,29.90,29.90,2285.35,33.68
10285.5,29.90,29.90,29.90,2285.36,33.78
10294.5,29.90,29.90,29.90,2285.36,33.76
10301.4,29.90,29.90,29.90,2285.34,33.74
10310.4,29.90,29.90,29.90,2285.35,33.74
10317.3,29.95,30.00,29.90,2285.36,33.74
10326.3,29.95,30.00,29.90,2285.36,33.70
10333.2,29.95,30.00,29.90,2285.37,33.65
10342.2,29.95,30.00,29.90,2285.36,33.63
10349.1,29.95,30.00,29.90,2285.36,33.62
10358.1,29.90,29.90,29.90,2285.36,33.66
10365.0,29.95,29.90,30.00,2285.35,33.75
10374.0,29.95,29.90,30.00,2285.35,33.75
10382.9,29.95,29.90,30.00,2285.35,33.70
10391.9,29.95,29.90,30.00,2285.35,33.75
10398.8,29.95,29.90,30.00,2285.35,33.82
10407.8,29.95,29.90,30.00,2285.34,33.81
10414.7,30.00,30.00,30.00,2285.35,33.79
10423.7,30.00,30.00,30.00,2285.35,33.75
10432.6,30.00,30.00,30.00,2285.34,33.71
10441.5,30.00,30.00,30.00,2285.35,33.69
10448.5,30.00,30.00,30.00,2285.34,33.64
10457.5,30.00,30.00,30.00,2285.33,33.69
10464.4,29.95,29.90,30.00,2285.34,33.78
10473.3,29.95,29.90,30.00,2285.33,33.82
10480.3,30.00,30.00,30.00,2285.34,33.76
10489.3,30.00,30.00,30.00,2285.35,33.71
10496.2,30.05,30.10,30.00,2285.34,33.64
10505.1,30.05,30.10,30.00,2285.35,33.58
10512.1,30.05,30.10,30.00,2285.35,33.62
10521.0,29.90,29.90,29.90,2285.34,33.72
10528.0,29.90,29.90,29.90,2285.36,33.84
10537.9,29.95,29.90,30.00,2285.35,33.88
10546.9,29.95,29.90,30.00,2285.33,33.89
10553.8,29.95,29.90,30.00,2285.36,33.87
10562.8,29.95,29.90,30.00,2285.34,33.83
10569.7,29.95,29.90,30.00,2285.35,33.90
10578.7,29.95,29.90,30.00,2285.32,33.93
10585.6,29.95,29.90,30.00,2285.34,33.96
10594.6,30.00,30.00,30.00,2285.34,33.93
10601.5,30.00,30.00,30.00,2285.34,33.88
10610.5,30.05,30.10,30.00,2285.33,33.83
10617.4,30.05,30.10,30.00,2285.33,33.82
10626.4,30.05,30.10,30.00,2285.34,33.77
10633.3,30.05,30.10,30.00,2285.33,33.71
10642.3,30.05,30.10,30.00,2285.33,33.67
10649.2,30.05,30.10,30.00,2285.34,33.69
10659.2,30.00,30.00,30.00,2285.32,33.80
10668.1,29.95,29.90,30.00,2285.32,33.86
10675.1,29.95,29.90,30.00,2285.34,33.91
10684.0,30.00,30.00,30.00,2285.34,33.89
10691.0,30.00,30.00,30.00,2285.33,33.86
10699.9,30.00,30.00,30.00,2285.32,33.80
10706.9,29.95,30.00,29.90,2285.33,33.74
10716.8,29.95,30.00,29.90,2285.33,33.70
10725.8,29.90,29.90,29.90,2285.32,33.77
10732.7,29.90,29.90,29.90,2285.30,33.85
10741.7,29.90,29.90,29.90,2285.33,33.88
10750.6,29.90,29.90,29.90,2285.31,33.92
10759.6,29.90,29.90,29.90,2285.33,33.95
10766.5,29.95,29.90,30.00,2285.32,33.91
10775.5,29.95,29.90,30.00,2285.33,33.93
10782.4,30.00,30.00,30.00,2285.30,33.88
10792.3,30.00,30.00,30.00,2285.30,33.85
